ID,Age,Sex,Job,Housing,Saving accounts,Checking account,Credit amount,Duration,Purpose,Risk,Predicted_Risk
1122,33,male,1,rent,little,moderate,2384,36,repairs,bad,bad
49,48,male,2,own,,,5190,27,repairs,good,bad
156,39,female,1,own,,moderate,932,6,education,good,good
307,30,male,2,own,,moderate,2028,12,car,good,good
1288,48,male,2,own,little,little,1082,12,car,bad,bad
463,34,male,2,own,rich,moderate,3496,30,furniture/equipment,good,good
1099,41,male,2,own,little,little,2712,36,furniture/equipment,bad,bad
713,33,male,2,own,little,moderate,1245,18,radio/TV,bad,good
1258,25,female,2,rent,,little,1371,24,car,bad,bad
853,25,male,2,own,little,moderate,4933,39,radio/TV,bad,bad
1001,31,male,2,own,,little,6350,30,furniture/equipment,bad,bad
1384,44,female,3,free,little,moderate,12579,24,car,bad,bad
1169,26,male,3,own,little,,4463,36,radio/TV,bad,bad
989,24,male,1,rent,little,little,1546,24,radio/TV,bad,bad
862,42,male,2,own,little,little,4153,18,furniture/equipment,bad,good
721,48,male,2,own,little,little,1082,12,car,bad,bad
1106,32,male,2,free,rich,moderate,1136,9,education,bad,good
1389,34,male,2,own,little,little,6999,48,radio/TV,bad,bad
1016,34,male,2,own,little,little,3965,42,radio/TV,bad,bad
740,24,male,2,own,little,little,9629,36,car,bad,bad
523,30,male,3,own,,little,14179,39,furniture/equipment,good,bad
1167,40,male,3,own,,little,1977,36,education,bad,bad
731,34,female,3,own,little,moderate,1501,9,education,bad,good
244,28,male,2,own,little,little,4169,24,furniture/equipment,good,good
411,24,female,2,own,little,,2788,15,furniture/equipment,good,good
436,27,male,2,own,little,moderate,3652,21,business,good,good
911,25,male,1,rent,little,,2210,10,furniture/equipment,bad,good
1128,48,male,2,own,little,little,1082,12,car,bad,bad
1330,28,female,2,rent,quite rich,moderate,4113,24,car,bad,good
454,22,male,2,free,little,little,3973,14,car,good,bad
1285,24,male,2,own,little,little,9271,36,car,bad,bad
913,24,female,2,own,little,little,3190,18,radio/TV,bad,good
55,51,male,3,free,little,little,1164,8,vacation/others,good,good
1067,35,male,2,free,little,little,3386,12,car,bad,bad
313,20,male,2,own,little,,1313,9,furniture/equipment,good,good
814,26,female,0,rent,little,moderate,1778,15,car,bad,bad
110,39,female,2,own,little,little,860,6,car,good,good
882,38,male,2,free,little,rich,947,24,car,bad,good
343,35,male,1,own,little,,4679,24,car,good,bad
592,28,male,2,own,little,,1249,24,car,good,good
1329,29,female,2,own,little,little,3959,15,car,bad,bad
1352,25,female,1,own,little,moderate,1355,24,car,bad,good
297,43,male,2,own,,,2197,24,car,good,bad
421,42,female,2,rent,,moderate,1965,24,car,good,good
969,29,male,2,own,little,little,6887,36,education,bad,bad
619,36,male,2,own,,moderate,2181,30,car,good,bad
287,31,female,2,own,little,little,1957,6,radio/TV,good,good
1345,42,male,3,own,little,,2292,12,business,bad,good
1248,26,female,2,own,little,moderate,9960,48,furniture/equipment,bad,bad
127,36,male,2,own,quite rich,,909,36,car,good,bad
933,35,female,2,own,,little,1381,24,car,bad,good
495,41,male,2,own,moderate,moderate,2503,30,business,good,bad
1082,21,female,2,rent,moderate,moderate,3441,30,furniture/equipment,bad,bad
364,28,male,2,own,moderate,rich,1323,6,car,good,good
171,42,male,1,own,little,,1544,4,radio/TV,good,good
978,23,male,1,own,little,moderate,1246,24,car,bad,good
340,63,male,2,own,little,little,2924,24,car,good,bad
395,32,male,2,own,little,,1552,24,radio/TV,good,good
210,26,male,2,own,little,little,4788,48,car,good,bad
1170,25,female,2,rent,,little,1371,24,car,bad,bad
141,29,male,2,rent,little,,2108,6,radio/TV,good,bad
1296,24,female,2,rent,little,little,4308,48,business,bad,bad
1023,54,male,3,own,rich,,4591,24,business,bad,bad
375,40,male,1,own,little,little,1361,6,car,good,good
412,27,female,2,own,little,moderate,2930,12,radio/TV,good,good
200,32,male,2,own,little,,2697,9,radio/TV,good,good
1205,32,female,1,own,moderate,moderate,931,6,car,bad,good
683,64,female,2,own,little,moderate,753,6,radio/TV,good,good
977,60,male,1,own,little,little,1199,24,car,bad,bad
839,31,male,2,own,moderate,,3621,24,radio/TV,bad,good
11,25,male,2,own,,little,8072,30,business,good,bad
148,38,male,3,free,little,little,10623,30,car,good,bad
462,27,male,3,own,little,,6314,24,vacation/others,good,bad
283,27,female,2,own,little,,1449,9,business,good,good
299,26,male,3,own,quite rich,,3235,24,radio/TV,good,good
544,37,male,2,own,little,,3535,36,car,good,bad
292,43,female,1,own,rich,,1516,24,radio/TV,good,good
530,25,female,2,own,little,,5771,30,radio/TV,good,bad
944,24,male,1,rent,little,little,1546,24,radio/TV,bad,bad
1203,30,male,3,free,,,12680,21,car,bad,bad
478,31,male,1,own,moderate,moderate,9857,36,business,good,bad
514,28,female,2,rent,rich,,2603,24,car,good,good
332,36,male,2,rent,little,little,3905,11,car,good,bad
1125,43,male,1,own,little,,1533,18,furniture/equipment,bad,good
939,43,male,2,free,little,little,1333,24,car,bad,bad
1221,25,female,1,own,little,rich,2327,15,radio/TV,bad,good
1121,30,male,3,own,little,little,1823,24,radio/TV,bad,good
136,65,male,2,own,little,little,571,21,car,good,bad
999,33,male,1,own,little,little,2579,12,car,bad,bad
875,55,male,2,free,rich,,1555,12,repairs,bad,good
1190,37,female,1,own,little,little,1274,12,car,bad,good
583,42,female,2,own,,moderate,5084,24,radio/TV,good,bad
1033,31,male,2,rent,little,little,3161,24,business,bad,bad
678,40,male,1,own,little,little,3939,11,car,good,good
589,50,male,2,own,little,,1559,24,business,good,good
159,24,male,1,rent,little,little,3021,24,furniture/equipment,good,bad
1213,30,female,3,own,,little,7174,42,radio/TV,bad,bad
1343,26,female,1,rent,moderate,moderate,4280,30,business,bad,bad
935,29,male,2,own,little,little,5179,36,furniture/equipment,bad,bad
639,27,male,2,own,,moderate,3711,36,education,good,bad
1381,31,male,2,own,,little,6350,30,furniture/equipment,bad,bad
433,27,male,3,free,,moderate,9157,60,radio/TV,good,bad
486,29,male,2,own,moderate,moderate,2896,24,radio/TV,good,good
1037,36,male,2,own,little,moderate,3915,27,business,bad,bad
696,50,male,2,own,,,2390,12,car,good,bad
941,36,male,2,own,little,little,1372,12,car,bad,bad
1011,33,female,2,rent,little,little,3966,18,car,bad,bad
840,22,male,2,rent,moderate,moderate,3092,24,radio/TV,bad,good
97,24,female,2,own,,moderate,8487,48,car,good,bad
1393,30,female,3,own,little,moderate,5096,48,furniture/equipment,bad,bad
1250,41,male,1,own,little,moderate,888,12,car,bad,good
760,24,female,2,rent,rich,moderate,433,6,education,bad,good
539,63,male,1,own,little,,1655,12,radio/TV,good,bad
157,31,male,2,own,little,little,3104,18,business,good,good
550,60,male,3,own,,moderate,6468,20,car,good,bad
572,54,female,2,rent,little,moderate,7432,36,car,good,bad
424,45,female,2,own,little,moderate,2329,7,radio/TV,good,good
763,25,male,2,rent,moderate,moderate,1264,15,car,bad,good
391,45,female,1,own,little,rich,3049,18,furniture/equipment,good,good
784,28,male,2,own,little,,2169,18,business,bad,good
786,33,male,2,rent,little,little,950,15,car,bad,bad
1210,30,female,3,own,little,moderate,5096,48,furniture/equipment,bad,bad
568,65,male,2,own,,,930,12,radio/TV,good,good
971,74,female,3,free,little,moderate,5129,9,car,bad,bad
1263,32,male,1,free,little,little,1442,18,car,bad,bad
309,34,male,3,own,moderate,,1591,21,furniture/equipment,good,good
990,68,male,2,rent,,,6761,18,car,bad,bad
561,35,male,0,own,,moderate,1549,9,car,good,good
1159,39,male,2,free,little,little,10297,48,car,bad,bad
949,40,male,3,own,moderate,,4623,15,education,bad,bad
711,26,male,3,own,little,,4463,36,radio/TV,bad,bad
1027,44,male,2,own,little,little,1553,18,furniture/equipment,bad,bad
353,44,male,2,own,quite rich,,1163,12,car,good,good
125,36,male,2,own,quite rich,,1262,15,domestic appliances,good,good
179,35,male,2,rent,moderate,,1204,6,car,good,good
288,31,male,3,own,little,,2406,9,furniture/equipment,good,good
1350,28,male,2,own,little,moderate,3060,48,radio/TV,bad,bad
1164,33,male,1,own,moderate,little,727,12,radio/TV,bad,good
295,27,male,1,own,little,,802,14,car,good,good
1358,47,male,2,free,,little,8335,36,car,bad,bad
1238,44,male,2,own,little,little,1553,18,furniture/equipment,bad,bad
994,37,female,1,own,little,little,1274,12,car,bad,good
426,22,male,2,own,quite rich,little,2828,24,furniture/equipment,good,good
1196,23,female,1,own,moderate,moderate,836,12,car,bad,good
237,39,male,1,own,little,little,3398,8,car,good,good
89,27,female,2,rent,,little,2132,10,furniture/equipment,good,good
821,60,male,2,own,little,little,2246,12,furniture/equipment,bad,bad
902,33,male,2,rent,little,rich,2319,21,education,bad,good
1161,31,male,2,own,moderate,,3621,24,radio/TV,bad,good
584,21,female,2,own,,,886,12,radio/TV,good,good
1354,32,female,2,rent,,little,1285,24,car,bad,bad
1360,23,female,2,own,quite rich,little,4281,33,furniture/equipment,bad,bad
943,20,female,2,rent,little,little,2039,18,furniture/equipment,bad,bad
1222,39,male,3,rent,little,little,3345,24,furniture/equipment,bad,bad
778,29,male,3,rent,moderate,moderate,9034,36,furniture/equipment,bad,bad
291,46,male,2,own,little,little,2348,36,furniture/equipment,good,bad
286,39,male,3,free,little,little,3249,36,car,good,bad
742,36,male,2,own,little,moderate,3915,27,business,bad,bad
1328,43,male,2,rent,little,little,4843,12,car,bad,bad
528,49,female,2,own,little,little,428,6,furniture/equipment,good,good
797,20,female,1,rent,little,moderate,2718,24,car,bad,good
267,40,female,2,rent,little,moderate,3001,18,furniture/equipment,good,good
328,29,female,2,own,little,,518,6,radio/TV,good,good
349,23,female,1,own,little,moderate,3573,12,radio/TV,good,good
448,38,male,1,own,little,moderate,1308,15,repairs,good,good
60,22,male,2,own,little,moderate,3832,30,furniture/equipment,good,bad
406,41,male,2,own,,moderate,3979,48,radio/TV,good,bad
986,25,female,2,own,,moderate,2762,12,furniture/equipment,bad,good
1322,53,male,2,free,little,little,7119,48,furniture/equipment,bad,bad
827,54,male,2,own,little,little,3051,48,domestic appliances,bad,bad
953,47,male,2,free,moderate,moderate,12612,36,education,bad,bad
889,22,female,2,own,little,moderate,1670,9,radio/TV,bad,good
945,29,female,2,own,,little,915,24,car,bad,good
810,34,female,3,own,little,moderate,2064,24,furniture/equipment,bad,good
934,60,female,3,free,moderate,moderate,14782,60,vacation/others,bad,bad
1024,43,male,2,free,little,little,1333,24,car,bad,bad
334,32,male,2,own,little,,4594,18,radio/TV,good,bad
434,37,male,2,rent,little,little,3676,6,car,good,bad
669,37,male,1,own,little,moderate,1154,9,radio/TV,good,good
1311,37,female,2,rent,little,little,7685,48,business,bad,bad
1392,27,male,2,own,rich,moderate,10961,48,radio/TV,bad,bad
637,20,male,3,rent,little,little,1107,12,radio/TV,good,good
766,27,male,2,own,little,little,5998,40,education,bad,bad
1166,38,male,2,own,,,3914,48,business,bad,bad
1025,32,male,2,own,little,,1530,18,car,bad,good
1300,31,male,2,rent,little,little,2302,36,radio/TV,bad,bad
830,23,male,0,own,,moderate,14555,6,car,bad,bad
1217,21,female,2,rent,little,,2570,27,car,bad,bad
399,27,male,2,own,moderate,moderate,1995,12,car,good,good
459,50,male,2,own,little,,2241,21,furniture/equipment,good,good
888,36,male,2,rent,little,little,7297,60,business,bad,bad
567,26,male,1,own,little,moderate,590,6,radio/TV,good,good
329,34,male,2,own,little,,2759,12,furniture/equipment,good,good
101,38,female,2,own,,,1240,12,radio/TV,good,good
319,37,female,2,own,rich,,1287,24,car,good,good
1370,24,male,2,free,little,little,4605,48,car,bad,bad
84,31,male,2,own,moderate,moderate,1449,6,business,good,good
130,25,female,2,rent,little,,3972,24,furniture/equipment,good,good
965,29,female,2,own,little,moderate,959,9,furniture/equipment,bad,good
13,48,male,2,own,little,,2134,9,car,good,good
582,44,male,2,own,quite rich,,2375,24,business,good,good
172,35,female,2,own,little,,1291,12,radio/TV,good,good
1227,40,male,3,own,,little,1977,36,education,bad,bad
1286,30,male,3,own,little,moderate,4455,36,business,bad,bad
261,37,male,3,own,,rich,3399,12,radio/TV,good,good
723,74,female,3,free,little,moderate,5129,9,car,bad,bad
1044,40,male,1,own,,little,1647,21,car,bad,good
728,44,male,2,own,little,little,1553,18,furniture/equipment,bad,bad
1306,22,male,2,own,little,,1478,9,radio/TV,bad,good
988,48,male,2,own,little,little,1082,12,car,bad,bad
333,27,female,2,own,little,little,343,6,domestic appliances,good,good
356,35,male,1,rent,moderate,,1418,10,car,good,good
139,68,male,0,free,little,moderate,1175,16,car,good,good
382,31,female,2,own,moderate,,1532,15,education,good,good
293,39,male,2,own,little,,1473,18,radio/TV,good,good
1140,28,male,2,own,little,moderate,3060,48,radio/TV,bad,bad
543,66,male,0,free,quite rich,rich,1480,12,car,good,good
142,28,female,2,own,little,,1382,6,radio/TV,good,good
745,29,male,2,own,little,little,6887,36,education,bad,bad
1146,39,male,2,free,,rich,1271,15,radio/TV,bad,good
603,20,female,2,rent,quite rich,,2221,15,furniture/equipment,good,good
140,33,female,2,own,little,moderate,3244,18,furniture/equipment,good,good
1229,35,male,2,free,little,little,3386,12,car,bad,bad
1084,21,male,1,rent,little,little,1987,24,radio/TV,bad,bad
225,22,male,1,rent,little,moderate,276,9,car,good,good
559,22,female,1,rent,little,,1258,12,furniture/equipment,good,good
275,39,male,2,own,,little,2212,20,furniture/equipment,good,good
324,41,female,1,rent,,,1244,9,education,good,good
1307,21,female,2,rent,little,,2570,27,car,bad,bad
410,27,male,1,own,little,moderate,1082,9,radio/TV,good,good
326,55,female,3,own,,rich,1424,12,furniture/equipment,good,good
1279,35,male,2,own,little,little,691,12,car,bad,good
300,20,female,2,own,little,moderate,1967,24,radio/TV,good,good
781,42,female,2,own,little,moderate,3804,36,radio/TV,bad,bad
1080,24,female,2,own,little,little,3190,18,radio/TV,bad,good
1302,51,male,2,free,,little,7511,18,car,bad,bad
1301,23,female,1,own,little,little,976,18,car,bad,good
1118,34,female,1,free,little,moderate,1837,24,education,bad,good
1385,22,female,2,own,little,,1808,18,furniture/equipment,bad,good
504,40,male,2,own,,,3077,30,radio/TV,good,bad
673,29,male,2,own,,,3556,15,car,good,good
4,35,male,1,free,,,9055,36,education,good,bad
661,42,male,1,own,little,,1455,4,car,good,good
468,42,male,3,own,little,,10366,60,car,good,bad
322,30,female,2,own,little,little,1620,12,furniture/equipment,good,good
6,35,male,3,rent,little,moderate,6948,36,car,good,bad
1031,28,female,3,own,little,,3349,36,furniture/equipment,bad,bad
917,29,male,2,own,little,little,5179,36,furniture/equipment,bad,bad
40,30,male,3,own,little,moderate,5965,27,car,good,bad
243,23,female,1,own,little,moderate,2101,13,radio/TV,good,good
137,50,male,2,own,rich,,3777,24,furniture/equipment,good,good
614,36,male,3,free,little,little,1940,18,radio/TV,good,bad
1102,28,female,3,own,little,,3349,36,furniture/equipment,bad,bad
598,40,female,2,own,,,894,10,education,good,good
1147,31,male,2,own,little,,2775,18,car,bad,good
1324,48,male,2,own,little,little,1024,24,radio/TV,bad,good
931,25,female,2,own,,moderate,2762,12,furniture/equipment,bad,good
1266,23,female,1,own,little,little,976,18,car,bad,good
1337,37,male,2,free,,moderate,12389,36,car,bad,bad
377,36,male,2,free,,,700,6,radio/TV,good,good
315,36,male,3,free,little,little,1872,6,furniture/equipment,good,good
443,23,male,2,own,,moderate,1444,15,radio/TV,good,good
320,65,male,0,own,little,little,3394,42,repairs,good,bad
712,34,male,1,own,little,rich,2864,18,furniture/equipment,bad,good
701,42,male,2,own,little,little,3446,36,furniture/equipment,bad,bad
425,23,female,2,own,little,rich,1275,10,furniture/equipment,good,good
789,45,male,2,own,little,little,2303,24,car,bad,bad
1068,29,male,3,own,little,moderate,11328,24,vacation/others,bad,bad
1143,47,male,2,free,,little,8335,36,car,bad,bad
552,40,male,2,own,quite rich,,2675,22,radio/TV,good,good
228,26,female,2,own,little,rich,3749,24,furniture/equipment,good,good
630,28,female,3,rent,little,little,2606,21,radio/TV,good,bad
716,36,male,2,rent,little,little,7297,60,business,bad,bad
866,35,female,2,own,,little,1381,24,car,bad,good
611,24,female,2,own,,,874,15,domestic appliances,good,good
67,30,male,3,own,moderate,little,2249,18,car,good,good
1107,57,male,1,own,little,little,709,12,radio/TV,bad,good
874,23,female,1,own,little,little,976,18,car,bad,good
212,49,female,2,own,little,moderate,1092,12,radio/TV,good,good
910,23,male,1,own,little,moderate,1246,24,car,bad,good
692,37,male,1,own,,,3565,12,education,good,good
537,31,female,2,rent,,,2901,10,car,good,bad
632,33,female,1,rent,,,2186,15,furniture/equipment,good,bad
586,63,male,2,own,little,little,2957,24,car,good,bad
86,28,male,1,rent,little,moderate,6260,18,car,good,bad
1260,23,female,2,rent,little,,7127,36,furniture/equipment,bad,bad
904,22,male,2,rent,moderate,moderate,3092,24,radio/TV,bad,good
809,23,female,1,rent,little,little,6229,36,furniture/equipment,bad,bad
585,23,female,1,rent,little,,601,4,furniture/equipment,good,good
1261,22,female,2,own,little,moderate,5951,48,radio/TV,bad,bad
924,28,female,2,rent,moderate,moderate,2631,15,car,bad,good
1309,31,male,2,own,little,,2775,18,car,bad,good
900,25,female,1,own,little,rich,2327,15,radio/TV,bad,good
274,52,female,1,own,moderate,,362,6,car,good,good
1002,29,female,1,rent,little,little,1659,24,radio/TV,bad,bad
363,32,male,1,own,little,moderate,1301,18,radio/TV,good,good
3,45,male,2,free,little,little,7882,42,furniture/equipment,good,bad
7,61,male,1,own,rich,,3059,12,radio/TV,good,good
312,46,male,2,own,rich,,1149,18,radio/TV,good,good
1165,21,female,2,rent,little,,2570,27,car,bad,bad
829,30,male,2,free,quite rich,little,3349,24,furniture/equipment,bad,good
1382,48,female,1,free,moderate,rich,1240,10,car,bad,good
216,46,male,3,own,,,7629,48,business,good,bad
606,37,male,2,own,,,7409,36,business,good,bad
28,37,male,2,own,little,rich,1225,10,domestic appliances,good,good
1183,24,female,2,own,little,little,3190,18,radio/TV,bad,good
765,29,female,1,rent,quite rich,,1123,12,furniture/equipment,bad,good
599,28,male,2,free,little,,3343,15,furniture/equipment,good,good
665,40,male,0,own,little,moderate,3590,18,business,good,good
899,33,male,2,rent,little,rich,2319,21,education,bad,good
1259,52,male,3,own,,moderate,6468,12,radio/TV,bad,bad
257,46,male,2,free,quite rich,,727,10,education,good,good
26,33,female,3,own,little,rich,1474,12,furniture/equipment,good,good
337,34,female,3,rent,little,moderate,3017,12,furniture/equipment,good,good
573,62,male,2,own,quite rich,,1338,6,domestic appliances,good,good
48,26,female,2,own,little,,3181,24,radio/TV,good,good
107,27,male,3,own,little,little,3416,27,radio/TV,good,bad
350,26,male,2,own,little,moderate,1201,24,car,good,good
56,41,female,1,own,little,moderate,5954,42,business,good,bad
811,34,female,1,free,little,moderate,1837,24,education,bad,good
214,44,female,3,free,little,little,6419,24,car,good,bad
121,38,male,2,own,moderate,moderate,3512,24,car,good,good
768,22,female,2,own,little,moderate,1670,9,radio/TV,bad,good
651,43,male,1,own,little,little,1344,12,car,good,bad
73,34,male,2,own,moderate,moderate,2622,18,business,good,good
979,25,female,2,rent,,little,1371,24,car,bad,bad
1048,57,male,3,free,little,moderate,14318,36,car,bad,bad
46,27,male,2,own,little,moderate,1391,9,business,good,good
1378,24,male,2,own,little,little,9271,36,car,bad,bad
524,28,male,1,own,little,little,1797,13,business,good,good
1214,23,female,1,rent,little,little,3234,24,furniture/equipment,bad,bad
998,22,female,2,own,little,moderate,1670,9,radio/TV,bad,good
702,31,male,2,rent,little,little,3161,24,business,bad,bad
534,24,male,1,own,little,little,2214,12,radio/TV,good,good
604,27,female,2,own,little,little,2389,18,radio/TV,good,good
466,27,male,1,own,moderate,,4139,24,business,good,good
1321,44,male,2,free,quite rich,,10127,48,car,bad,bad
1199,34,male,1,own,little,little,11998,30,repairs,bad,bad
1364,42,female,2,own,little,moderate,3804,36,radio/TV,bad,bad
61,47,male,2,own,quite rich,,1213,15,radio/TV,good,good
93,63,male,2,free,little,rich,781,10,car,good,good
623,40,male,2,rent,,,7824,28,car,good,bad
195,38,female,2,own,little,,1533,24,radio/TV,good,good
281,40,male,3,own,little,moderate,7374,18,furniture/equipment,good,bad
360,38,male,2,own,,moderate,368,6,radio/TV,good,good
520,23,male,1,own,little,moderate,1048,10,radio/TV,good,good
885,22,female,2,own,little,,1808,18,furniture/equipment,bad,good
680,43,male,1,own,little,,7393,24,car,good,bad
183,35,male,2,own,moderate,,4151,24,furniture/equipment,good,good
111,51,female,2,own,moderate,,682,12,car,good,good
964,31,male,2,own,moderate,,3621,24,radio/TV,bad,good
808,24,male,2,own,moderate,moderate,5595,72,radio/TV,bad,bad
205,50,male,2,own,little,,1574,12,furniture/equipment,good,good
856,31,male,1,own,little,moderate,1928,18,furniture/equipment,bad,good
53,30,female,2,own,little,,8133,36,car,good,bad
546,38,male,3,own,rich,,5711,36,car,good,bad
1058,39,male,2,free,little,little,10297,48,car,bad,bad
1032,47,male,1,own,little,little,1217,18,domestic appliances,bad,good
755,53,female,3,own,,,7485,30,car,bad,bad
667,57,female,3,rent,rich,little,1231,24,radio/TV,good,good
184,24,male,2,own,,moderate,2030,9,furniture/equipment,good,good
138,31,male,2,own,little,,1360,15,radio/TV,good,good
859,28,female,3,own,little,,3349,36,furniture/equipment,bad,bad
81,32,male,2,own,little,moderate,6078,12,car,good,bad
1138,27,male,2,rent,,,7980,36,business,bad,bad
106,30,female,3,own,little,moderate,4795,36,radio/TV,good,bad
542,52,male,2,own,moderate,,2223,24,radio/TV,good,good
655,23,female,2,own,little,little,1498,12,radio/TV,good,good
481,30,male,2,free,moderate,moderate,2862,36,car,good,bad
166,27,male,2,own,little,,2613,36,repairs,good,bad
249,33,male,3,own,little,moderate,4439,18,business,good,bad
308,47,male,1,own,little,moderate,958,12,car,good,good
447,34,female,2,own,little,,1493,12,radio/TV,good,good
800,39,male,2,free,,rich,1271,15,radio/TV,bad,good
335,37,male,2,own,little,little,3620,36,furniture/equipment,good,bad
98,27,male,1,own,little,,2708,15,furniture/equipment,good,good
782,36,male,2,own,little,little,1372,12,car,bad,bad
833,53,male,3,free,little,little,7865,12,furniture/equipment,bad,bad
103,35,male,2,own,,moderate,2728,15,radio/TV,good,good
435,49,male,1,own,little,,640,12,car,good,good
1246,40,male,3,own,,little,1358,24,vacation/others,bad,good
1252,24,female,2,rent,little,little,2124,18,furniture/equipment,bad,bad
775,30,male,3,own,little,little,1823,24,radio/TV,bad,good
1270,30,female,3,own,little,moderate,5096,48,furniture/equipment,bad,bad
303,35,male,2,own,little,,5842,36,car,good,bad
1254,39,male,2,free,,rich,1271,15,radio/TV,bad,good
1149,66,male,1,own,quite rich,moderate,766,12,radio/TV,bad,good
389,75,female,3,own,,little,1374,6,car,good,good
236,36,female,2,own,little,,1028,18,car,good,good
1168,31,male,2,own,little,,2775,18,car,bad,good
970,25,female,1,own,little,moderate,1355,24,car,bad,good
306,20,female,2,rent,rich,,3186,15,car,good,good
118,36,male,3,rent,moderate,moderate,6967,24,business,good,bad
1233,21,male,1,rent,little,little,1987,24,radio/TV,bad,bad
674,22,male,1,own,little,moderate,454,6,repairs,good,good
250,37,male,1,own,little,rich,3949,10,car,good,good
1278,33,male,2,rent,little,little,950,15,car,bad,bad
1014,66,male,1,own,quite rich,moderate,766,12,radio/TV,bad,good
72,61,female,2,own,,,2012,12,education,good,bad
95,40,male,1,own,little,little,701,12,radio/TV,good,good
747,42,female,2,own,little,moderate,3804,36,radio/TV,bad,bad
34,35,female,3,own,little,,1393,11,car,good,good
1036,27,male,3,free,little,little,1422,9,car,bad,bad
449,33,male,2,own,little,,1851,24,radio/TV,good,good
446,21,male,2,own,little,,15653,60,radio/TV,good,bad
783,26,female,3,own,little,,10974,36,furniture/equipment,bad,bad
1074,25,female,1,own,little,moderate,1355,24,car,bad,good
886,34,female,2,own,little,little,1842,36,car,bad,bad
926,33,male,2,own,little,moderate,1245,18,radio/TV,bad,good
78,24,female,2,own,little,,932,6,radio/TV,good,good
85,23,female,2,rent,little,rich,392,15,education,good,good
1056,24,female,2,rent,little,little,2124,18,furniture/equipment,bad,bad
83,35,male,2,own,quite rich,moderate,1410,14,business,good,good
458,23,male,2,rent,little,rich,1297,12,radio/TV,good,good
677,29,male,2,rent,,,7166,42,radio/TV,good,bad
1273,29,male,3,rent,moderate,moderate,9034,36,furniture/equipment,bad,bad
1008,36,male,1,own,little,moderate,4241,24,business,bad,bad
437,22,female,2,rent,little,little,1858,12,furniture/equipment,good,bad
645,32,male,2,own,moderate,,2848,10,car,good,good
799,29,male,2,own,little,little,6887,36,education,bad,bad
1120,42,male,2,own,little,little,4153,18,furniture/equipment,bad,good
405,34,male,2,own,rich,,2578,24,radio/TV,good,good
1224,30,male,2,own,little,moderate,1056,18,car,bad,good
825,31,male,1,own,little,moderate,1928,18,furniture/equipment,bad,good
876,35,male,2,free,little,little,3386,12,car,bad,bad
105,27,male,0,own,rich,rich,709,6,car,good,good
610,26,male,2,own,moderate,little,1382,24,business,good,good
923,23,male,1,own,little,moderate,1246,24,car,bad,good
947,55,male,2,own,little,little,6872,24,furniture/equipment,bad,bad
1053,39,male,3,rent,little,little,3345,24,furniture/equipment,bad,bad
63,58,female,1,own,little,little,1755,24,vacation/others,good,bad
282,27,male,2,own,quite rich,moderate,2326,15,business,good,good
894,29,female,2,own,little,moderate,959,9,furniture/equipment,bad,good
239,34,female,2,own,rich,,1525,24,car,good,good
224,24,female,1,rent,,,4811,30,car,good,bad
146,26,male,2,own,little,,5117,27,business,good,bad
1308,42,male,2,free,little,moderate,6288,60,education,bad,bad
374,37,female,2,own,little,little,609,6,car,good,good
119,48,male,2,own,moderate,little,1288,9,repairs,good,good
1256,34,male,2,own,little,little,3965,42,radio/TV,bad,bad
251,43,female,1,own,little,,1459,15,radio/TV,good,bad
1349,23,male,0,own,,moderate,14555,6,car,bad,bad
10,53,male,2,own,,,2424,24,radio/TV,good,bad
450,32,male,3,own,little,little,1880,18,radio/TV,good,good
709,24,female,2,rent,rich,moderate,433,6,education,bad,good
256,38,male,3,own,,,3229,18,car,good,good
594,43,male,2,own,,,4042,24,car,good,bad
390,37,female,2,own,little,moderate,3612,18,furniture/equipment,good,good
847,25,female,2,rent,,little,1371,24,car,bad,bad
1126,58,female,1,free,little,little,6143,48,car,bad,bad
558,22,female,2,rent,moderate,,2301,9,furniture/equipment,good,good
461,50,female,1,own,little,rich,1047,6,education,good,good
724,50,male,2,own,little,little,5293,27,business,bad,bad
1292,25,male,1,own,little,moderate,4746,45,radio/TV,bad,bad
145,27,male,1,own,little,little,1168,12,car,good,good
502,25,male,1,own,little,little,1138,9,radio/TV,good,good
1034,21,male,2,rent,moderate,moderate,3031,45,radio/TV,bad,bad
1326,54,male,3,own,rich,,4591,24,business,bad,bad
732,46,male,2,free,little,little,3931,48,car,bad,bad
540,26,female,2,rent,,little,2812,24,car,good,bad
178,52,male,2,own,little,,717,12,radio/TV,good,good
1351,42,male,2,own,little,little,3446,36,furniture/equipment,bad,bad
698,40,male,3,own,little,little,3857,30,car,good,bad
1395,55,male,2,own,little,little,6872,24,furniture/equipment,bad,bad
950,22,male,2,rent,moderate,moderate,3092,24,radio/TV,bad,good
1059,29,female,1,rent,little,little,1659,24,radio/TV,bad,bad
794,24,female,1,own,little,little,1228,12,car,bad,good
1394,54,male,3,own,rich,,4591,24,business,bad,bad
8,22,female,2,own,little,moderate,1567,12,radio/TV,good,good
1290,68,male,2,rent,,,6761,18,car,bad,bad
668,49,male,1,own,,rich,3656,30,radio/TV,good,bad
1090,25,female,2,rent,little,little,1882,18,radio/TV,bad,bad
358,26,male,2,own,little,,1934,12,radio/TV,good,good
915,66,male,3,own,little,rich,1908,30,business,bad,bad
330,35,male,3,own,little,,2670,24,car,good,good
1397,24,female,1,rent,moderate,,11590,48,car,bad,bad
1078,34,male,1,own,little,little,11998,30,repairs,bad,bad
1051,53,male,2,free,little,little,7119,48,furniture/equipment,bad,bad
259,28,male,2,own,little,,776,12,radio/TV,good,good
1104,23,female,2,rent,little,little,1216,18,car,bad,bad
373,54,male,2,own,,,2255,24,car,good,bad
1269,44,female,3,free,little,moderate,12579,24,car,bad,bad
817,26,female,1,rent,moderate,moderate,4280,30,business,bad,bad
143,36,male,2,free,,moderate,2760,24,car,good,good
526,26,male,2,own,,,5248,21,car,good,bad
1069,36,male,2,own,little,moderate,884,18,car,bad,good
890,28,male,2,rent,little,little,6199,12,radio/TV,bad,bad
1055,21,male,2,rent,little,little,902,12,education,bad,bad
1386,30,male,3,own,moderate,moderate,1919,30,radio/TV,bad,bad
441,64,male,1,own,,,3832,9,education,good,good
532,31,male,2,own,little,,1393,24,car,good,good
1028,31,male,2,own,little,little,4817,24,car,bad,bad
227,25,male,2,own,moderate,,5511,24,furniture/equipment,good,bad
975,29,female,2,own,,,5003,21,car,bad,bad
229,29,male,1,own,,rich,1494,4,car,good,good
1201,45,male,3,own,little,little,8978,14,car,bad,bad
1218,26,female,2,rent,little,little,3114,18,furniture/equipment,bad,bad
213,26,male,2,own,little,,1076,12,business,good,good
80,26,male,2,rent,,,2445,12,car,good,bad
149,43,male,2,own,little,,1935,12,furniture/equipment,good,good
1383,24,female,2,rent,,little,1275,15,domestic appliances,bad,good
672,47,male,2,own,little,moderate,2353,21,car,good,good
1085,24,male,2,free,little,little,4605,48,car,bad,bad
963,55,male,2,own,little,little,6872,24,furniture/equipment,bad,bad
1152,31,male,2,own,,little,6350,30,furniture/equipment,bad,bad
134,52,male,2,own,quite rich,little,338,6,radio/TV,good,good
1043,35,female,2,own,little,little,2439,24,radio/TV,bad,good
409,22,female,1,own,little,little,806,15,business,good,good
1019,23,female,2,rent,little,,7127,36,furniture/equipment,bad,bad
508,66,female,1,own,quite rich,moderate,790,9,radio/TV,good,good
1253,31,female,2,own,little,little,6758,48,radio/TV,bad,bad
505,32,male,3,free,little,,1505,18,radio/TV,good,bad
916,53,male,2,free,little,little,4870,24,car,bad,bad
348,44,male,2,own,little,little,1478,15,furniture/equipment,good,bad
387,26,male,2,own,moderate,,1311,24,radio/TV,good,good
1,67,male,2,own,,little,1169,6,radio/TV,good,good
361,39,male,1,rent,little,little,2122,12,car,good,bad
1325,22,female,2,own,little,moderate,5951,48,radio/TV,bad,bad
476,33,male,2,own,little,,1478,15,radio/TV,good,good
1202,48,male,2,own,little,little,1082,12,car,bad,bad
58,51,male,2,own,little,moderate,4771,11,radio/TV,good,bad
638,24,male,1,own,,little,3763,21,car,good,good
1226,42,male,3,own,moderate,moderate,8086,36,car,bad,bad
954,39,female,2,own,little,moderate,1188,21,business,bad,good
1075,24,male,2,free,little,little,4605,48,car,bad,bad
173,39,male,2,own,little,little,2522,30,radio/TV,good,bad
451,32,male,2,own,little,little,4583,30,furniture/equipment,good,bad
126,70,male,3,free,little,moderate,7308,10,car,good,bad
907,23,male,2,own,little,moderate,15672,48,business,bad,bad
531,74,male,0,own,little,rich,1299,6,car,good,good
714,23,male,2,rent,little,moderate,1534,12,radio/TV,bad,good
91,41,female,3,rent,little,,3868,24,car,good,bad
1355,36,male,2,rent,little,little,7297,60,business,bad,bad
182,46,female,1,own,little,rich,2251,12,furniture/equipment,good,good
891,38,male,2,free,little,rich,947,24,car,bad,good
787,25,female,2,own,little,,7855,36,car,bad,bad
415,49,male,1,own,little,moderate,3124,12,car,good,good
252,23,male,2,own,little,moderate,882,13,radio/TV,good,good
70,20,male,2,rent,,rich,3617,24,furniture/equipment,good,good
804,24,female,2,rent,little,little,4308,48,business,bad,bad
132,33,male,2,own,little,moderate,1414,8,radio/TV,good,good
301,35,male,3,own,little,,7253,33,car,good,bad
980,22,male,2,own,little,little,2462,18,furniture/equipment,bad,good
327,30,male,3,own,,,11054,36,car,good,bad
1369,68,male,3,own,little,little,14896,6,car,bad,bad
1047,61,male,2,own,rich,moderate,1512,15,repairs,bad,good
500,32,male,3,own,quite rich,,629,18,radio/TV,good,good
974,21,male,1,rent,little,little,1987,24,radio/TV,bad,bad
365,42,male,2,free,little,little,5493,36,car,good,bad
496,32,female,2,own,little,moderate,2528,27,business,good,bad
1305,28,female,1,own,little,rich,745,9,radio/TV,bad,good
339,34,male,2,own,little,,1950,18,business,good,good
422,36,female,1,own,rich,,1572,21,business,good,good
165,30,male,2,own,little,,4657,15,car,good,bad
29,24,male,2,own,little,moderate,458,9,radio/TV,good,good
517,35,male,1,own,moderate,little,4380,18,car,good,bad
194,36,male,2,own,,,6304,36,business,good,bad
860,35,female,2,own,,little,1381,24,car,bad,good
1272,30,female,2,own,moderate,,1864,18,education,bad,good
1271,31,female,2,own,little,little,6758,48,radio/TV,bad,bad
170,25,male,1,own,little,moderate,866,18,radio/TV,good,good
966,30,male,2,free,quite rich,little,3349,24,furniture/equipment,bad,good
653,30,male,2,own,little,,1224,9,car,good,good
174,51,male,2,own,little,,1595,6,radio/TV,good,good
519,32,male,2,own,moderate,little,2325,24,car,good,good
1139,33,male,1,own,little,little,2579,12,car,bad,bad
1344,29,male,2,rent,little,little,11816,45,business,bad,bad
492,24,male,2,own,little,,1800,18,radio/TV,good,good
74,36,male,2,own,little,moderate,2337,36,radio/TV,good,bad
1175,37,female,1,own,little,little,1274,12,car,bad,good
588,28,male,1,own,little,,2993,21,car,good,good
751,57,male,3,free,little,moderate,14318,36,car,bad,bad
658,45,male,3,own,,,3527,12,car,good,bad
843,55,male,2,free,rich,,1555,12,repairs,bad,good
235,28,male,2,own,rich,little,2659,18,furniture/equipment,good,good
733,33,male,2,own,little,moderate,1245,18,radio/TV,bad,good
215,56,male,2,free,little,rich,4796,42,car,good,bad
163,30,male,2,own,little,,707,12,radio/TV,good,good
133,42,male,2,own,little,little,2577,12,furniture/equipment,good,good
1040,24,female,2,rent,little,little,4308,48,business,bad,bad
1000,28,female,2,rent,quite rich,moderate,4113,24,car,bad,good
1151,34,male,1,own,little,rich,2864,18,furniture/equipment,bad,good
186,35,male,1,own,little,,2684,24,radio/TV,good,good
42,31,male,2,own,,,3378,18,car,good,good
693,34,male,1,own,moderate,,1569,15,radio/TV,good,good
109,30,male,2,own,moderate,moderate,3566,48,business,good,bad
39,29,male,1,own,,moderate,2333,24,furniture/equipment,good,good
569,55,male,3,free,little,moderate,9283,42,car,good,bad
1157,48,female,1,free,moderate,rich,1240,10,car,bad,good
1188,34,female,3,own,little,moderate,2064,24,furniture/equipment,bad,good
1347,24,male,2,own,moderate,moderate,5595,72,radio/TV,bad,bad
484,25,male,2,own,little,little,975,15,furniture/equipment,good,good
469,24,male,2,own,quite rich,,2080,6,car,good,good
25,57,male,1,rent,,,1264,12,business,good,good
1361,33,female,2,rent,little,little,3966,18,car,bad,bad
1091,33,female,2,own,little,little,1131,18,furniture/equipment,bad,good
69,54,male,2,own,little,little,1409,12,car,good,bad
1186,27,male,2,own,little,,8648,24,business,bad,bad
367,36,male,2,own,quite rich,rich,2360,15,car,good,good
506,31,male,2,own,,rich,3148,24,radio/TV,good,good
851,23,female,1,rent,little,little,3234,24,furniture/equipment,bad,bad
1234,35,male,2,free,little,little,3386,12,car,bad,bad
384,41,male,1,own,little,little,662,6,car,good,good
735,44,female,2,own,,,5943,24,radio/TV,bad,bad
718,55,male,2,own,little,little,6872,24,furniture/equipment,bad,bad
1247,42,male,3,free,little,little,7763,48,car,bad,bad
455,37,male,2,own,,,10222,48,radio/TV,good,bad
265,27,male,2,own,little,,3850,18,car,good,good
76,41,male,1,rent,moderate,,1469,24,car,good,good
233,27,female,1,own,little,little,3643,15,furniture/equipment,good,good
445,28,female,2,own,quite rich,,1376,24,radio/TV,good,good
396,35,male,2,free,,,8858,48,car,good,bad
1041,42,male,2,own,little,little,3446,36,furniture/equipment,bad,bad
177,25,male,2,own,little,,1258,24,business,good,good
19,39,male,1,own,little,,426,6,radio/TV,good,good
1230,40,male,3,own,,little,1358,24,vacation/others,bad,good
1281,53,male,2,free,little,little,7119,48,furniture/equipment,bad,bad
342,26,female,2,own,little,,2764,33,business,good,bad
932,28,male,2,own,little,moderate,3060,48,radio/TV,bad,bad
880,25,female,2,rent,little,little,1882,18,radio/TV,bad,bad
596,45,male,2,own,little,,10875,36,car,good,bad
62,24,female,1,rent,moderate,,1568,18,business,good,good
1182,31,male,2,own,,little,6350,30,furniture/equipment,bad,bad
273,36,male,2,free,,,846,7,radio/TV,good,good
1134,23,male,2,rent,little,little,4110,24,furniture/equipment,bad,bad
873,21,male,2,rent,moderate,moderate,3031,45,radio/TV,bad,bad
1054,24,female,1,rent,moderate,,11590,48,car,bad,bad
1316,32,male,1,free,little,little,1442,18,car,bad,bad
279,25,female,2,own,little,,2238,18,radio/TV,good,good
1089,23,male,2,own,,little,900,12,car,bad,good
695,30,male,3,own,little,little,3959,36,furniture/equipment,good,bad
369,45,male,3,own,moderate,,8588,39,car,good,bad
1291,26,female,2,own,quite rich,,1386,12,car,bad,good
37,39,male,1,own,little,,7228,11,car,good,bad
736,30,male,2,own,little,moderate,1056,18,car,bad,good
1245,31,male,1,own,little,moderate,1928,18,furniture/equipment,bad,good
663,30,female,2,own,quite rich,moderate,8358,48,car,good,bad
1108,25,female,2,rent,little,moderate,1295,12,car,bad,good
1262,21,male,2,rent,moderate,moderate,3031,45,radio/TV,bad,bad
548,60,male,2,own,rich,,1940,24,car,good,good
1119,23,female,2,rent,little,little,2406,30,furniture/equipment,bad,bad
689,64,female,2,own,moderate,,1409,13,radio/TV,good,good
739,52,male,3,own,,moderate,6468,12,radio/TV,bad,bad
192,57,female,1,free,little,,2748,12,education,good,bad
920,31,male,1,own,little,moderate,1928,18,furniture/equipment,bad,good
457,41,male,2,own,little,moderate,6361,18,furniture/equipment,good,bad
869,35,female,2,own,,little,1381,24,car,bad,good
394,37,female,2,own,little,,2022,24,car,good,good
676,54,female,3,rent,little,,3568,15,radio/TV,good,bad
761,25,female,1,own,little,rich,2327,15,radio/TV,bad,good
1379,28,male,2,own,quite rich,rich,939,12,car,bad,good
729,23,female,2,rent,little,little,1442,24,car,bad,bad
420,58,female,1,own,little,little,385,12,radio/TV,good,good
376,43,male,2,own,moderate,little,1203,6,car,good,good
413,33,female,2,own,,,1927,24,education,good,good
75,36,male,3,rent,,moderate,7057,20,car,good,bad
1312,23,male,1,own,little,moderate,1246,24,car,bad,good
1101,45,male,1,own,little,little,4006,28,car,bad,bad
501,46,male,3,own,,,2476,21,car,good,bad
826,38,male,2,own,,,3914,48,business,bad,bad
196,25,male,2,own,,,999,24,radio/TV,good,good
1304,23,male,2,own,little,moderate,15672,48,business,bad,bad
617,38,male,3,own,little,,7814,24,car,good,bad
115,38,male,2,own,little,,1924,10,radio/TV,good,good
418,36,male,2,rent,little,little,2799,9,car,good,bad
602,32,male,1,own,rich,,4526,27,furniture/equipment,good,bad
922,25,female,2,rent,,little,1371,24,car,bad,bad
605,42,male,2,own,little,,3331,12,furniture/equipment,good,good
1342,50,male,2,free,little,moderate,6224,48,education,bad,bad
90,36,male,3,own,quite rich,moderate,2366,12,car,good,good
849,38,male,2,free,little,rich,947,24,car,bad,good
1076,46,male,2,own,little,little,697,12,car,bad,bad
1341,21,male,2,rent,moderate,moderate,3031,45,radio/TV,bad,bad
754,25,female,2,rent,little,little,1882,18,radio/TV,bad,bad
499,37,male,1,own,little,moderate,2118,9,radio/TV,good,good
1109,61,male,3,free,little,moderate,1953,36,business,bad,bad
1346,23,female,2,own,little,,1943,18,repairs,bad,good
1115,30,female,2,own,little,moderate,918,9,furniture/equipment,bad,good
1113,31,male,1,own,little,moderate,1928,18,furniture/equipment,bad,good
12,31,male,2,own,quite rich,,3430,24,radio/TV,good,good
397,23,female,2,own,,,996,12,repairs,good,good
285,19,female,1,rent,rich,moderate,983,12,furniture/equipment,good,good
556,51,male,2,free,little,rich,2892,24,furniture/equipment,good,good
43,26,male,1,own,,,783,6,car,good,good
842,44,male,2,own,little,little,1553,18,furniture/equipment,bad,bad
168,51,male,1,free,quite rich,,2507,9,car,good,good
417,52,female,3,free,,,2133,12,car,good,bad
577,24,male,2,own,little,rich,3016,12,radio/TV,good,good
835,30,male,2,free,quite rich,little,3349,24,furniture/equipment,bad,good
268,36,male,2,own,,,3079,36,car,good,bad
1064,51,male,2,free,,little,7511,18,car,bad,bad
427,74,male,3,own,little,,4526,24,business,good,bad
691,48,male,1,own,little,moderate,1743,24,radio/TV,good,good
1223,22,female,2,own,moderate,little,741,12,domestic appliances,bad,good
1194,24,female,2,rent,rich,moderate,433,6,education,bad,good
545,25,female,2,own,little,little,3509,18,radio/TV,good,good
1313,60,male,1,own,little,little,1199,24,car,bad,bad
675,26,female,2,own,,moderate,1715,30,radio/TV,good,bad
690,29,male,3,free,little,little,6579,24,car,good,bad
908,31,male,2,own,,little,6350,30,furniture/equipment,bad,bad
1237,22,female,2,own,little,moderate,5951,48,radio/TV,bad,bad
852,55,male,2,free,rich,,1555,12,repairs,bad,good
1371,29,female,2,own,little,little,3499,12,car,bad,bad
160,64,female,2,own,little,,1364,10,car,good,good
896,61,male,2,own,rich,moderate,1512,15,repairs,bad,good
1116,36,male,2,own,little,little,1372,12,car,bad,bad
258,49,male,2,own,,,2331,12,radio/TV,good,bad
1093,26,female,3,own,little,,10974,36,furniture/equipment,bad,bad
336,36,male,2,own,little,little,1721,15,car,good,bad
1317,28,male,2,own,little,little,1108,12,repairs,bad,good
16,44,male,2,own,moderate,moderate,1804,12,car,good,good
516,29,female,0,own,,moderate,3990,36,domestic appliances,good,bad
325,35,male,2,own,little,moderate,2576,7,radio/TV,good,good
769,21,female,2,rent,little,,2570,27,car,bad,bad
608,40,female,2,own,quite rich,,7678,36,furniture/equipment,good,bad
1235,21,male,2,rent,little,little,902,12,education,bad,bad
1400,22,female,2,own,little,moderate,5951,48,radio/TV,bad,bad
1007,41,male,2,own,little,little,2712,36,furniture/equipment,bad,bad
906,23,female,2,own,little,little,448,6,education,bad,good
223,33,male,2,own,rich,,1543,6,furniture/equipment,good,good
180,26,male,2,own,little,rich,1925,24,furniture/equipment,good,good
1038,66,male,3,own,little,rich,1908,30,business,bad,bad
100,21,female,2,own,moderate,,10144,60,radio/TV,good,bad
837,46,male,2,rent,little,moderate,1223,12,car,bad,bad
758,25,female,1,own,little,moderate,4736,24,furniture/equipment,bad,bad
522,22,male,2,own,quite rich,little,2483,24,furniture/equipment,good,good
762,44,male,2,own,little,little,1553,18,furniture/equipment,bad,bad
23,27,male,2,own,little,little,4020,24,furniture/equipment,good,good
357,26,male,2,rent,little,,3518,6,car,good,bad
734,20,male,2,own,,little,2996,24,furniture/equipment,bad,good
1303,31,male,2,own,little,,2775,18,car,bad,good
1299,30,male,3,own,little,little,1823,24,radio/TV,bad,good
612,29,male,1,own,little,little,3590,12,furniture/equipment,good,good
1193,36,male,2,own,little,little,1372,12,car,bad,bad
341,32,male,2,own,,,7238,48,radio/TV,good,bad
432,48,male,3,own,,moderate,12204,48,business,good,bad
474,56,female,2,own,little,,1538,6,education,good,good
218,45,male,1,own,,,1287,10,car,good,good
912,25,female,1,own,little,rich,2327,15,radio/TV,bad,good
204,23,male,2,rent,rich,,3368,15,car,good,good
1335,24,female,1,own,little,little,626,12,radio/TV,bad,good
1012,39,male,3,own,little,moderate,11938,24,vacation/others,bad,bad
1363,54,male,3,own,rich,,4591,24,business,bad,bad
1141,21,female,2,rent,little,,2570,27,car,bad,bad
94,30,male,2,own,little,little,2121,12,car,good,bad
1009,33,female,2,own,little,little,1131,18,furniture/equipment,bad,good
697,31,female,1,own,little,,1736,12,furniture/equipment,good,good
997,32,female,1,own,moderate,moderate,931,6,car,bad,good
154,45,female,1,own,,,3835,36,radio/TV,good,bad
1220,22,female,2,rent,little,,433,18,radio/TV,bad,good
1399,47,male,2,free,moderate,moderate,12612,36,education,bad,bad
790,42,male,2,own,little,little,4153,18,furniture/equipment,bad,good
581,38,male,2,free,,moderate,6681,48,business,good,bad
704,29,male,2,free,little,little,2149,12,radio/TV,bad,bad
1180,58,male,2,rent,little,moderate,15945,54,business,bad,bad
488,28,male,2,own,little,,2284,24,radio/TV,good,good
560,54,male,2,own,,,717,24,car,good,good
802,33,male,2,own,little,moderate,1245,18,radio/TV,bad,good
513,44,female,1,own,little,moderate,760,8,radio/TV,good,good
634,42,male,2,free,,,10477,36,car,good,bad
1249,27,male,3,own,little,moderate,14027,60,car,bad,bad
791,30,male,2,own,little,moderate,639,12,repairs,bad,good
117,29,female,2,rent,rich,moderate,7758,24,car,good,bad
741,43,male,2,own,little,moderate,4057,24,furniture/equipment,bad,good
831,47,male,1,own,little,little,1217,18,domestic appliances,bad,good
120,45,male,1,own,little,little,339,12,education,good,bad
657,46,male,3,own,,,6842,24,car,good,bad
636,36,male,3,own,little,,1278,24,radio/TV,good,good
370,32,male,3,free,little,,4686,36,car,good,bad
269,33,male,2,own,little,,6070,18,radio/TV,good,bad
656,30,male,3,rent,little,moderate,2063,6,radio/TV,good,good
936,39,male,2,free,,rich,1271,15,radio/TV,bad,good
823,66,male,1,own,quite rich,moderate,766,12,radio/TV,bad,good
867,42,female,2,own,little,moderate,3804,36,radio/TV,bad,bad
47,50,male,2,own,,moderate,1537,15,radio/TV,good,good
1211,27,female,0,own,little,little,750,18,education,bad,good
992,37,male,2,free,little,,1819,36,education,bad,bad
877,28,male,1,own,little,little,654,9,car,bad,good
774,23,female,1,rent,little,little,6229,36,furniture/equipment,bad,bad
5,53,male,2,own,quite rich,,2835,24,furniture/equipment,good,good
1004,68,male,3,own,little,little,14896,6,car,bad,bad
264,36,male,2,own,little,,1542,12,business,good,good
1111,33,female,2,rent,little,little,3966,18,car,bad,bad
1280,25,female,1,own,little,moderate,1355,24,car,bad,good
444,47,male,2,own,little,,1393,12,education,good,bad
1003,34,male,2,own,little,little,6999,48,radio/TV,bad,bad
838,53,female,3,own,,,7485,30,car,bad,bad
1251,25,female,1,own,little,rich,2327,15,radio/TV,bad,good
305,31,female,3,own,quite rich,,2782,21,car,good,good
1103,37,female,1,own,little,little,1274,12,car,bad,good
314,74,male,1,own,little,,3448,5,business,good,good
150,26,male,2,own,little,moderate,1424,12,domestic appliances,good,good
575,43,male,3,own,little,little,15857,36,vacation/others,good,bad
51,22,male,2,own,rich,moderate,1007,12,car,good,good
1100,26,male,3,own,little,,4463,36,radio/TV,bad,bad
727,31,male,2,rent,little,little,3161,24,business,bad,bad
834,42,female,3,free,little,moderate,8318,27,business,bad,bad
471,33,male,2,own,little,,5150,24,furniture/equipment,good,bad
972,25,male,2,own,little,moderate,14421,48,business,bad,bad
654,42,male,2,own,quite rich,,522,12,radio/TV,good,good
400,67,female,3,own,little,moderate,1199,9,education,good,good
512,33,male,2,own,little,moderate,6403,24,radio/TV,good,bad
321,39,male,3,own,little,,1884,12,car,good,good
20,42,female,2,rent,rich,rich,409,12,radio/TV,good,good
685,28,female,3,own,moderate,rich,2923,21,car,good,good
36,23,female,0,rent,quite rich,little,1352,6,car,good,good
903,40,male,1,rent,little,little,684,12,education,bad,bad
828,25,male,1,own,little,moderate,685,12,car,bad,good
1255,28,female,2,rent,moderate,moderate,2631,15,car,bad,good
408,26,female,3,rent,,,5433,24,car,good,bad
921,63,male,2,own,little,little,6836,60,business,bad,bad
538,28,male,2,rent,little,moderate,3617,12,furniture/equipment,good,good
759,31,male,2,rent,little,little,3161,24,business,bad,bad
1063,22,female,2,own,little,moderate,5951,48,radio/TV,bad,bad
246,24,female,2,free,little,moderate,5743,24,education,good,bad
785,31,male,1,own,little,little,3108,30,furniture/equipment,bad,bad
490,29,male,2,own,little,moderate,1103,12,radio/TV,good,good
155,51,male,2,own,,,3342,36,radio/TV,good,bad
962,32,female,2,rent,,little,1285,24,car,bad,bad
854,20,female,1,rent,little,moderate,2718,24,car,bad,good
626,38,male,1,own,little,little,2171,12,car,good,bad
686,30,male,1,own,little,,2028,24,furniture/equipment,good,good
570,26,male,2,own,little,moderate,907,8,business,good,good
1336,23,female,2,rent,little,little,1216,18,car,bad,bad
18,36,male,1,own,little,little,1374,6,furniture/equipment,good,good
128,32,male,2,own,quite rich,,2978,6,furniture/equipment,good,good
928,21,male,2,rent,moderate,moderate,3031,45,radio/TV,bad,bad
981,22,female,2,own,little,moderate,1670,9,radio/TV,bad,good
1374,43,male,2,rent,little,little,4843,12,car,bad,bad
191,36,male,3,free,little,little,5302,18,car,good,bad
993,30,male,3,own,moderate,moderate,1919,30,radio/TV,bad,bad
1368,22,female,2,own,little,,1808,18,furniture/equipment,bad,good
607,24,female,2,rent,little,little,652,12,furniture/equipment,good,good
181,39,female,1,own,rich,little,666,6,car,good,good
302,40,male,1,rent,quite rich,,1597,10,car,good,good
497,35,female,2,free,quite rich,,5324,15,car,good,bad
1212,24,female,2,rent,little,little,4308,48,business,bad,bad
1177,24,female,2,own,little,little,3190,18,radio/TV,bad,good
1160,21,female,2,rent,little,,2570,27,car,bad,bad
518,45,male,3,own,little,,6761,6,car,good,bad
1070,32,male,2,own,little,little,1938,24,radio/TV,bad,good
477,47,male,2,free,little,,5103,24,radio/TV,good,bad
158,23,male,2,own,little,rich,3913,36,radio/TV,good,bad
17,26,male,2,own,,,2069,10,furniture/equipment,good,good
1073,29,male,2,own,moderate,moderate,1437,9,car,bad,good
547,67,female,2,own,little,moderate,3872,18,repairs,good,good
659,31,male,1,own,little,,1546,10,car,good,good
1150,32,male,2,free,rich,moderate,1136,9,education,bad,good
1020,24,female,1,rent,moderate,,11590,48,car,bad,bad
1178,24,male,2,free,little,little,4605,48,car,bad,bad
960,42,male,2,free,little,moderate,6288,60,education,bad,bad
1319,23,female,1,rent,little,little,3234,24,furniture/equipment,bad,bad
284,30,male,3,own,little,,1820,18,car,good,good
798,34,male,3,own,little,rich,1337,9,radio/TV,bad,good
226,40,male,0,free,,moderate,5381,48,vacation/others,good,bad
27,31,male,2,free,little,,6110,48,education,good,bad
438,35,male,2,own,,,1979,15,radio/TV,good,good
1362,57,male,3,free,little,moderate,14318,36,car,bad,bad
230,38,male,1,own,little,little,708,12,furniture/equipment,good,good
38,28,female,2,own,moderate,,2073,12,radio/TV,good,good
750,21,male,2,rent,moderate,moderate,3031,45,radio/TV,bad,bad
1046,43,male,2,rent,little,little,2625,16,car,bad,bad
470,26,female,3,rent,little,,4530,30,radio/TV,good,bad
1200,63,male,2,own,little,little,6836,60,business,bad,bad
1377,26,male,2,own,little,little,3414,21,education,bad,bad
688,33,male,2,own,little,rich,6289,42,business,good,bad
1289,37,male,1,own,,rich,1344,24,car,bad,good
640,46,female,1,own,little,,3594,15,car,good,bad
1215,29,male,3,rent,moderate,moderate,9034,36,furniture/equipment,bad,bad
1173,30,male,2,free,quite rich,little,3349,24,furniture/equipment,bad,good
1274,32,male,2,own,little,,1530,18,car,bad,good
801,23,female,2,rent,little,little,2406,30,furniture/equipment,bad,bad
161,26,male,1,own,little,moderate,625,12,radio/TV,good,good
957,30,male,3,free,,,12680,21,car,bad,bad
822,30,female,3,own,,little,7174,42,radio/TV,bad,bad
1192,47,male,3,own,little,moderate,1209,6,car,bad,good
878,36,male,2,own,little,moderate,3915,27,business,bad,bad
914,42,male,3,own,little,,2292,12,business,bad,good
153,33,male,2,own,,,3074,9,radio/TV,good,good
1284,21,male,1,rent,little,little,1987,24,radio/TV,bad,bad
510,47,male,1,own,quite rich,,1316,15,radio/TV,good,good
1136,33,female,2,own,,moderate,1042,18,car,bad,good
1179,23,male,1,own,little,moderate,1246,24,car,bad,good
104,44,female,1,rent,little,rich,1881,12,radio/TV,good,good
587,46,male,2,own,little,,2611,24,radio/TV,good,bad
1243,53,female,3,own,,,7485,30,car,bad,bad
1144,31,female,2,own,little,little,6758,48,radio/TV,bad,bad
54,46,male,1,rent,,,730,7,radio/TV,good,bad
152,55,male,2,own,rich,,1413,12,car,good,good
404,23,female,2,rent,moderate,moderate,1553,24,radio/TV,good,good
1359,27,male,2,own,little,moderate,2820,36,car,bad,bad
208,37,male,2,own,moderate,moderate,3878,24,car,good,good
1327,40,male,3,own,,little,1358,24,vacation/others,bad,good
1123,26,male,2,own,little,little,3414,21,education,bad,bad
9,28,female,2,rent,little,little,1403,15,car,good,bad
1015,40,male,3,own,,little,1358,24,vacation/others,bad,good
1061,21,male,2,rent,little,little,902,12,education,bad,bad
453,35,male,2,own,little,,2346,24,car,good,good
254,34,male,1,own,moderate,,1743,6,business,good,good
897,38,male,2,own,,,3914,48,business,bad,bad
1228,33,female,2,own,little,little,1131,18,furniture/equipment,bad,good
881,31,male,1,own,little,moderate,1928,18,furniture/equipment,bad,good
1323,24,female,2,own,little,moderate,1237,8,furniture/equipment,bad,good
624,43,male,3,own,little,little,2442,27,business,good,bad
346,25,male,2,own,little,rich,5152,24,radio/TV,good,bad
1207,33,male,1,rent,little,moderate,2384,36,repairs,bad,bad
263,21,male,2,rent,little,,1766,6,furniture/equipment,good,good
151,21,male,1,own,little,little,6568,24,business,good,bad
473,26,female,2,own,little,,1453,18,radio/TV,good,good
641,33,female,1,own,,moderate,3195,9,car,good,good
1388,40,male,3,own,moderate,,4623,15,education,bad,bad
1320,42,male,3,own,moderate,moderate,8086,36,car,bad,bad
551,35,male,1,own,rich,moderate,1941,18,business,good,good
929,26,female,0,own,little,rich,609,12,business,bad,good
489,50,male,2,rent,quite rich,,1236,6,car,good,good
1267,32,female,3,own,little,moderate,18424,48,vacation/others,bad,bad
1172,43,male,2,own,little,moderate,4057,24,furniture/equipment,bad,good
147,38,male,1,own,little,,1495,12,car,good,good
403,37,male,3,own,,moderate,4712,24,business,good,bad
955,29,female,2,own,,,5003,21,car,bad,bad
1315,47,male,3,own,little,moderate,1209,6,car,bad,good
660,31,male,2,own,,,929,24,furniture/equipment,good,good
464,27,female,2,own,little,,3609,48,business,good,bad
187,23,female,2,own,moderate,,3812,15,car,good,good
1148,23,male,1,own,little,moderate,1246,24,car,bad,good
609,46,male,2,own,little,rich,1343,6,car,good,good
144,52,male,2,own,quite rich,,936,9,education,good,good
752,29,female,2,own,little,little,3959,15,car,bad,bad
982,50,female,2,free,moderate,moderate,2671,36,radio/TV,bad,bad
198,37,female,2,rent,quite rich,,1402,12,furniture/equipment,good,good
884,41,male,1,own,little,moderate,888,12,car,bad,good
280,21,female,2,rent,,,1126,18,radio/TV,good,good
294,28,male,2,own,,moderate,1887,18,business,good,good
1275,30,female,2,own,little,moderate,918,9,furniture/equipment,bad,good
401,49,male,2,free,,little,2964,24,car,good,bad
123,36,male,2,own,moderate,,2872,24,radio/TV,good,good
1208,47,male,1,own,little,little,1217,18,domestic appliances,bad,good
203,29,male,3,rent,moderate,,1901,24,radio/TV,good,good
836,25,female,2,own,little,,7855,36,car,bad,bad
247,26,female,1,rent,little,little,3599,21,furniture/equipment,good,bad
1332,24,female,2,rent,,little,1275,15,domestic appliances,bad,good
1318,36,male,2,own,little,moderate,3915,27,business,bad,bad
1154,23,female,1,own,little,little,976,18,car,bad,good
385,32,male,2,own,little,moderate,2273,36,education,good,bad
855,34,male,1,own,little,rich,2864,18,furniture/equipment,bad,good
220,32,male,2,own,rich,moderate,2745,21,furniture/equipment,good,good
642,34,female,2,own,little,,4454,36,radio/TV,good,bad
2,49,male,1,own,little,,2096,12,education,good,bad
113,46,male,2,own,rich,,1582,18,radio/TV,good,good
699,38,male,2,own,little,,804,12,radio/TV,good,good
1339,32,male,1,free,little,little,1442,18,car,bad,bad
952,36,male,1,own,little,moderate,4241,24,business,bad,bad
1236,33,male,2,rent,little,rich,2319,21,education,bad,good
1264,24,female,2,own,little,little,3190,18,radio/TV,bad,good
442,28,female,2,own,little,little,3660,24,radio/TV,good,good
1137,37,female,2,rent,little,little,7685,48,business,bad,bad
664,38,male,3,own,,,2859,12,car,good,good
1283,35,female,2,free,little,little,1198,6,education,bad,good
318,23,male,1,rent,quite rich,,660,6,repairs,good,good
649,21,female,2,rent,little,little,1049,18,furniture/equipment,good,good
710,28,male,3,own,little,moderate,4249,30,car,bad,bad
973,20,female,1,rent,little,moderate,2718,24,car,bad,good
628,29,male,2,own,,,1169,18,radio/TV,good,good
633,44,male,2,own,,,3485,20,car,good,bad
1366,43,male,1,own,little,,1533,18,furniture/equipment,bad,good
1294,24,male,2,own,little,little,9629,36,car,bad,bad
796,23,male,1,own,little,moderate,1246,24,car,bad,good
646,28,female,2,own,little,,1817,18,furniture/equipment,good,good
1013,57,male,2,free,little,moderate,2225,36,car,bad,bad
557,32,male,2,rent,quite rich,,3062,24,furniture/equipment,good,good
682,57,female,1,own,quite rich,rich,1258,24,radio/TV,good,good
578,47,male,1,own,little,little,731,8,car,good,good
1110,22,female,2,own,little,moderate,1670,9,radio/TV,bad,good
1184,40,male,3,own,little,moderate,4297,18,furniture/equipment,bad,bad
525,23,female,2,rent,little,little,2511,15,car,good,bad
1060,23,female,2,own,little,little,448,6,education,bad,good
541,36,male,3,own,little,,3275,21,car,good,good
1195,23,female,3,rent,little,moderate,11560,24,car,bad,bad
749,53,male,2,free,little,little,4870,24,car,bad,bad
1297,25,male,2,own,,moderate,1484,12,radio/TV,bad,good
485,25,female,1,own,moderate,moderate,2631,15,repairs,good,good
96,34,male,3,own,little,moderate,1860,12,car,good,good
1021,28,female,2,rent,quite rich,moderate,4113,24,car,bad,good
564,24,female,2,own,little,little,4272,20,furniture/equipment,good,bad
1265,58,female,1,free,little,little,6143,48,car,bad,bad
743,24,female,1,rent,moderate,,11590,48,car,bad,bad
864,35,female,2,own,,little,1381,24,car,bad,good
892,24,male,2,own,little,little,9271,36,car,bad,bad
1039,46,male,2,rent,little,moderate,1223,12,car,bad,bad
207,63,male,2,own,,,1520,15,furniture/equipment,good,good
393,61,male,1,own,little,,1255,12,car,good,good
795,29,female,0,rent,little,little,1193,24,car,bad,bad
871,28,male,1,own,little,little,654,9,car,bad,good
398,45,male,1,own,quite rich,,1750,6,radio/TV,good,good
767,36,male,2,own,little,moderate,3915,27,business,bad,bad
1287,29,male,2,own,little,little,6887,36,education,bad,bad
1242,21,male,2,rent,little,little,902,12,education,bad,bad
1029,23,male,2,rent,little,moderate,1534,12,radio/TV,bad,good
643,25,female,2,own,,moderate,2991,30,radio/TV,good,bad
613,40,female,2,own,rich,moderate,1322,11,car,good,good
961,39,male,3,own,little,,6458,18,car,bad,bad
726,65,male,2,free,little,little,2600,18,radio/TV,bad,bad
684,42,male,2,own,,moderate,2427,18,business,good,good
99,47,male,2,free,little,,1984,18,furniture/equipment,good,bad
805,25,female,2,rent,little,little,1882,18,radio/TV,bad,bad
407,38,male,2,own,little,,5954,30,radio/TV,good,bad
503,63,male,2,own,,,7596,30,car,good,bad
1072,32,female,3,own,little,moderate,18424,48,vacation/others,bad,bad
1057,55,female,0,free,little,little,1190,18,repairs,bad,good
930,24,male,1,rent,little,little,1546,24,radio/TV,bad,bad
780,24,female,2,rent,little,little,1207,24,car,bad,bad
201,26,female,2,own,little,,2404,18,radio/TV,good,good
135,31,male,3,rent,little,,1963,12,radio/TV,good,bad
1052,26,female,0,own,little,rich,609,12,business,bad,good
41,25,male,2,own,little,,1262,12,radio/TV,good,good
1018,26,male,2,own,little,little,759,12,car,bad,good
231,48,female,1,own,,moderate,4351,24,furniture/equipment,good,bad
379,23,female,2,own,moderate,,3488,24,car,good,good
289,32,male,2,rent,moderate,moderate,11760,39,education,good,bad
419,21,male,1,own,little,little,1289,12,furniture/equipment,good,good
392,60,male,2,free,little,,2032,24,car,good,bad
593,59,male,2,own,little,little,1364,9,radio/TV,good,good
1163,53,male,3,free,little,little,7865,12,furniture/equipment,bad,bad
1087,44,male,3,rent,little,little,3384,6,furniture/equipment,bad,bad
648,30,male,2,rent,little,moderate,2002,12,car,good,bad
1153,44,male,2,own,little,little,1553,18,furniture/equipment,bad,bad
521,41,male,2,own,,,3160,21,radio/TV,good,good
65,29,female,3,own,little,,1412,12,business,good,good
15,48,male,1,rent,little,little,2241,10,car,good,bad
1181,36,male,2,own,little,moderate,3915,27,business,bad,bad
1065,45,male,1,own,little,little,4006,28,car,bad,bad
493,40,male,3,rent,little,rich,1905,15,education,good,good
380,26,female,1,own,little,moderate,1113,18,radio/TV,good,good
188,57,female,1,own,moderate,,1154,11,radio/TV,good,good
764,27,male,3,own,little,moderate,14027,60,car,bad,bad
217,20,female,2,rent,,,4675,12,car,good,bad
792,36,male,2,own,little,moderate,884,18,car,bad,good
1077,33,female,2,rent,little,little,3966,18,car,bad,bad
879,20,female,1,rent,little,moderate,2718,24,car,bad,good
338,38,male,2,own,,moderate,754,12,education,good,good
720,47,male,2,free,moderate,moderate,12612,36,education,bad,bad
296,43,male,2,own,,moderate,2899,18,car,good,good
1017,27,male,3,free,little,little,1422,9,car,bad,bad
1276,25,female,2,own,little,,7855,36,car,bad,bad
456,28,female,2,own,little,moderate,4221,30,business,good,bad
1398,47,male,1,own,little,little,1217,18,domestic appliances,bad,good
816,32,male,2,free,rich,moderate,1136,9,education,bad,good
270,23,female,2,rent,little,,2146,10,furniture/equipment,good,good
996,21,male,2,rent,little,little,902,12,education,bad,bad
202,49,male,1,own,,little,1262,12,furniture/equipment,good,good
162,23,female,2,rent,,little,1200,12,education,good,good
730,54,male,3,own,rich,,4591,24,business,bad,bad
402,29,female,2,own,little,rich,683,6,radio/TV,good,good
703,38,female,3,free,little,moderate,12976,18,car,bad,bad
1130,29,male,2,own,little,little,6887,36,education,bad,bad
566,24,female,0,rent,,moderate,7472,12,car,good,bad
1022,24,female,2,rent,rich,moderate,433,6,education,bad,good
1026,22,male,2,own,little,,1478,9,radio/TV,bad,good
1105,28,female,2,rent,moderate,moderate,2631,15,car,bad,good
206,49,male,1,own,,rich,1445,18,radio/TV,good,good
35,39,male,2,own,quite rich,,2299,36,radio/TV,good,bad
776,63,male,2,own,little,little,6836,60,business,bad,bad
509,41,female,1,own,rich,,250,6,car,good,good
1380,47,male,2,free,,little,8335,36,car,bad,bad
92,24,male,1,rent,little,,1768,12,furniture/equipment,good,good
898,32,male,1,free,little,little,1442,18,car,bad,bad
565,35,male,2,own,,,976,12,radio/TV,good,good
777,23,female,2,own,little,little,448,6,education,bad,good
242,75,male,3,free,little,little,6615,24,car,good,bad
14,44,male,2,rent,quite rich,little,2647,6,radio/TV,good,good
316,33,male,2,own,little,,2058,24,repairs,good,good
601,27,male,2,own,rich,,5804,24,car,good,bad
388,25,male,2,own,,,3105,24,radio/TV,good,good
1298,26,female,3,own,little,,10974,36,furniture/equipment,bad,bad
167,22,male,2,free,little,little,3149,24,furniture/equipment,good,good
841,31,male,1,own,little,little,3108,30,furniture/equipment,bad,bad
21,34,male,2,own,little,moderate,2415,7,radio/TV,good,good
647,37,male,3,own,quite rich,,12749,48,radio/TV,good,bad
1155,22,male,2,own,little,little,2462,18,furniture/equipment,bad,good
832,28,male,2,own,little,,9572,36,business,bad,bad
1268,22,male,2,own,little,moderate,1331,12,radio/TV,bad,good
563,48,female,1,rent,little,moderate,1795,18,radio/TV,good,bad
1365,47,male,3,own,little,moderate,1209,6,car,bad,good
687,25,female,2,rent,little,little,1433,15,furniture/equipment,good,bad
958,54,male,3,own,rich,,4591,24,business,bad,bad
190,55,female,2,own,little,little,1603,24,radio/TV,good,bad
976,30,male,3,own,little,moderate,4455,36,business,bad,bad
700,27,male,2,own,moderate,moderate,4576,45,car,good,bad
511,36,male,2,own,rich,rich,1275,24,business,good,good
1083,43,male,1,own,little,,1533,18,furniture/equipment,bad,good
475,37,male,2,free,,,2279,12,radio/TV,good,bad
857,32,male,2,free,rich,moderate,1136,9,education,bad,good
748,20,male,2,own,moderate,little,674,12,radio/TV,bad,good
253,23,female,0,rent,quite rich,moderate,3758,24,radio/TV,good,good
22,36,male,2,own,rich,moderate,1913,18,business,good,good
1338,29,male,3,own,little,moderate,11328,24,vacation/others,bad,bad
460,35,male,3,own,little,moderate,1050,6,furniture/equipment,good,good
1185,33,female,2,own,little,little,1131,18,furniture/equipment,bad,good
277,26,male,2,own,little,rich,1330,12,car,good,good
956,20,female,2,rent,little,little,1282,12,furniture/equipment,bad,good
1216,53,male,2,free,little,little,7119,48,furniture/equipment,bad,bad
386,41,male,2,rent,little,,1503,12,car,good,bad
806,23,female,2,own,little,,1943,18,repairs,bad,good
344,36,male,3,own,,,1238,6,education,good,good
770,25,female,1,own,little,rich,2327,15,radio/TV,bad,good
1333,29,male,2,free,little,little,2149,12,radio/TV,bad,bad
131,26,female,2,own,little,,763,12,furniture/equipment,good,good
872,21,male,1,rent,little,little,1987,24,radio/TV,bad,bad
1124,53,female,3,own,,,7485,30,car,bad,bad
88,47,male,2,own,,,3578,48,radio/TV,good,bad
331,29,female,3,own,little,,2679,24,car,good,good
1239,19,female,2,rent,little,,1980,9,furniture/equipment,bad,good
467,31,male,2,own,moderate,,5742,36,business,good,bad
122,34,male,1,own,,,1898,6,radio/TV,good,good
1045,24,female,2,own,little,little,3190,18,radio/TV,bad,good
1096,28,male,2,own,little,little,1108,12,repairs,bad,good
1131,24,female,2,rent,rich,moderate,433,6,education,bad,good
1295,29,male,2,rent,little,little,11816,45,business,bad,bad
861,34,male,1,free,moderate,moderate,3844,48,business,bad,bad
1127,24,female,2,rent,,little,1275,15,domestic appliances,bad,good
666,29,female,2,own,little,little,1893,12,car,Unknown,bad
625,46,male,2,own,little,,1829,15,radio/TV,Unknown,bad
116,24,male,2,own,little,rich,5848,36,radio/TV,Unknown,bad
479,34,male,2,free,,,6527,60,car,Unknown,bad
234,34,male,3,free,little,little,2910,24,car,Unknown,bad
725,47,male,1,own,little,little,1217,18,domestic appliances,Unknown,good
209,35,female,1,own,little,little,10722,47,car,Unknown,bad
868,38,male,2,own,,,3914,48,business,Unknown,bad
940,27,female,0,own,little,little,750,18,education,Unknown,good
480,27,male,2,own,,rich,1347,10,radio/TV,Unknown,good
985,65,male,2,free,little,little,2600,18,radio/TV,Unknown,bad
901,28,female,2,rent,moderate,moderate,2631,15,car,Unknown,good
779,22,male,2,own,little,,1478,9,radio/TV,Unknown,good
707,42,male,2,own,little,little,3446,36,furniture/equipment,Unknown,bad
381,30,male,2,own,little,moderate,7966,26,car,Unknown,bad
368,28,male,2,own,little,,1413,24,radio/TV,Unknown,good
533,59,female,2,own,,,5045,15,car,Unknown,bad
627,34,male,2,own,little,moderate,5800,36,car,Unknown,bad
255,23,female,2,rent,little,,1236,9,domestic appliances,Unknown,good
79,35,male,2,rent,little,moderate,1919,9,furniture/equipment,Unknown,good
30,30,male,3,own,quite rich,,2333,30,radio/TV,Unknown,bad
221,54,female,0,own,little,,672,6,car,Unknown,good
240,31,male,2,own,little,rich,4473,36,radio/TV,Unknown,bad
681,33,female,2,own,little,,2831,30,radio/TV,Unknown,bad
50,29,female,2,own,little,,2171,12,radio/TV,Unknown,good
52,25,female,2,own,,,2394,36,radio/TV,Unknown,bad
45,23,female,3,own,little,rich,1961,18,car,Unknown,good
1042,27,male,2,rent,,,7980,36,business,Unknown,bad
1088,39,female,2,own,little,moderate,1188,21,business,Unknown,good
429,45,male,2,free,,,1300,15,car,Unknown,bad
706,44,female,2,own,,,5943,24,radio/TV,Unknown,bad
527,33,male,2,own,little,,3029,15,car,Unknown,good
858,25,female,2,rent,,little,1371,24,car,Unknown,bad
773,28,female,2,own,moderate,moderate,2278,18,car,Unknown,good
102,27,male,2,own,rich,,8613,27,car,Unknown,bad
423,32,male,2,free,little,,3863,24,business,Unknown,good
245,31,male,1,own,little,moderate,1521,10,furniture/equipment,Unknown,good
708,30,female,3,own,little,moderate,5096,48,furniture/equipment,Unknown,bad
1396,24,female,2,rent,little,little,4308,48,business,Unknown,bad
1010,47,male,1,own,little,little,1217,18,domestic appliances,Unknown,good
68,56,male,2,own,little,,618,12,radio/TV,Unknown,good
1095,26,female,1,rent,moderate,moderate,4280,30,business,Unknown,bad
515,37,female,2,own,little,,3380,4,car,Unknown,good
863,47,male,1,own,little,,2538,24,car,Unknown,bad
355,62,female,2,free,little,,3757,24,car,Unknown,bad
959,27,male,3,free,little,little,1422,9,car,Unknown,bad
1049,29,female,2,own,,,5003,21,car,Unknown,bad
812,22,male,2,own,little,,1478,9,radio/TV,Unknown,good
77,24,male,2,rent,little,moderate,2323,36,radio/TV,Unknown,bad
757,42,male,3,own,moderate,moderate,8086,36,car,Unknown,bad
793,53,male,3,free,little,little,7865,12,furniture/equipment,Unknown,bad
71,54,male,2,own,rich,moderate,1318,12,car,Unknown,good
580,30,male,2,own,little,little,1602,21,car,Unknown,bad
1145,25,female,1,own,little,moderate,1355,24,car,Unknown,good
1117,30,male,2,own,little,moderate,639,12,repairs,Unknown,good
576,27,male,2,own,little,,1101,12,car,Unknown,good
345,24,male,2,own,quite rich,,2569,39,car,Unknown,bad
824,57,male,2,free,little,moderate,2225,36,car,Unknown,bad
278,26,male,1,own,moderate,,4272,30,business,Unknown,bad
491,38,female,0,own,little,,926,12,car,Unknown,good
219,43,male,2,own,little,,2515,18,furniture/equipment,Unknown,good
199,36,male,3,free,,moderate,12169,48,car,Unknown,bad
887,23,female,2,own,little,,1943,18,repairs,Unknown,good
991,22,male,2,rent,moderate,moderate,3092,24,radio/TV,Unknown,good
465,47,male,2,own,little,rich,3017,30,radio/TV,Unknown,bad
918,27,male,1,own,,,1309,10,car,Unknown,good
1135,30,female,2,own,moderate,,1864,18,education,Unknown,good
262,36,female,2,own,little,rich,2247,12,car,Unknown,good
347,39,male,1,own,moderate,moderate,1037,12,business,Unknown,good
937,42,male,3,own,little,,2292,12,business,Unknown,good
1132,30,female,2,own,moderate,,1864,18,education,Unknown,good
507,31,male,2,own,moderate,moderate,6148,20,car,Unknown,bad
753,19,female,2,rent,little,,1980,9,furniture/equipment,Unknown,good
883,33,female,2,rent,little,little,3966,18,car,Unknown,bad
266,22,female,2,rent,little,little,3650,18,furniture/equipment,Unknown,bad
248,25,male,2,rent,quite rich,moderate,3213,18,radio/TV,Unknown,good
946,26,female,3,own,little,,10974,36,furniture/equipment,Unknown,bad
44,31,female,2,own,little,,9566,36,radio/TV,Unknown,bad
968,25,female,2,rent,little,moderate,1295,12,car,Unknown,good
1241,42,female,3,free,little,moderate,8318,27,business,Unknown,bad
354,52,male,2,own,little,,3077,12,radio/TV,Unknown,bad
984,23,male,1,own,little,moderate,1246,24,car,Unknown,good
579,35,male,3,own,little,,3780,18,furniture/equipment,Unknown,good
631,35,female,2,own,rich,,1592,12,furniture/equipment,Unknown,good
620,65,female,0,own,little,,1098,18,radio/TV,Unknown,good
1071,27,male,2,own,little,little,5998,40,education,Unknown,bad
1340,42,male,2,own,little,little,4153,18,furniture/equipment,Unknown,good
260,61,male,2,free,,moderate,1239,18,education,Unknown,good
983,24,female,2,rent,,little,1275,15,domestic appliances,Unknown,good
555,27,male,2,own,,,1221,6,furniture/equipment,Unknown,good
66,27,female,2,own,little,moderate,1295,18,furniture/equipment,Unknown,good
483,31,male,2,own,rich,little,3651,12,car,Unknown,good
948,20,male,2,own,,little,2996,24,furniture/equipment,Unknown,good
428,33,male,2,own,little,,2051,18,radio/TV,Unknown,good
1356,28,male,2,rent,little,little,6199,12,radio/TV,Unknown,bad
865,23,female,2,rent,little,little,2406,30,furniture/equipment,Unknown,bad
1114,34,male,1,own,little,rich,2864,18,furniture/equipment,Unknown,good
1156,42,male,2,own,little,little,4153,18,furniture/equipment,Unknown,good
33,24,male,2,rent,moderate,little,6187,30,car,Unknown,bad
942,29,female,1,rent,quite rich,,1123,12,furniture/equipment,Unknown,good
431,22,female,2,rent,little,little,3632,24,car,Unknown,bad
169,35,male,2,own,moderate,,2141,12,radio/TV,Unknown,good
744,27,male,3,free,little,little,1422,9,car,Unknown,bad
1244,40,male,3,own,,little,1358,24,vacation/others,Unknown,good
771,65,male,2,free,little,little,2600,18,radio/TV,Unknown,bad
622,34,male,3,own,little,,6614,36,car,Unknown,bad
844,42,male,2,free,little,moderate,6288,60,education,Unknown,bad
1232,24,male,2,own,little,little,9629,36,car,Unknown,bad
618,48,male,2,free,,,9277,24,car,Unknown,bad
813,31,male,1,own,little,little,3108,30,furniture/equipment,Unknown,bad
629,31,male,3,own,,,8947,36,car,Unknown,bad
1197,31,male,2,rent,little,little,2302,36,radio/TV,Unknown,bad
1206,34,male,3,own,moderate,moderate,6850,15,car,Unknown,bad
185,27,male,1,own,,moderate,7418,60,radio/TV,Unknown,bad
1357,31,male,2,own,moderate,,3621,24,radio/TV,Unknown,good
1098,25,male,1,own,little,moderate,4746,45,radio/TV,Unknown,bad
535,27,male,2,own,moderate,,2463,24,car,Unknown,good
164,32,male,2,own,,,2978,24,business,Unknown,good
193,32,male,1,own,little,,1231,10,car,Unknown,good
371,26,male,2,rent,little,rich,2687,15,business,Unknown,good
987,19,female,2,rent,little,,1980,9,furniture/equipment,Unknown,good
1219,23,male,1,own,quite rich,moderate,2520,27,radio/TV,Unknown,good
597,33,male,2,own,moderate,,1474,24,car,Unknown,good
472,64,male,1,rent,little,little,2384,24,radio/TV,Unknown,bad
241,28,male,2,own,little,moderate,1068,6,radio/TV,Unknown,good
276,25,female,2,rent,,,1283,22,car,Unknown,good
64,52,male,1,own,little,little,2315,10,radio/TV,Unknown,good
304,23,female,2,rent,,little,8471,18,education,Unknown,bad
272,34,male,2,own,little,,2320,18,radio/TV,Unknown,good
1129,24,male,2,own,little,little,9629,36,car,Unknown,bad
756,37,male,2,free,,moderate,12389,36,car,Unknown,bad
788,20,male,2,own,,little,2996,24,furniture/equipment,Unknown,good
31,26,male,2,own,quite rich,moderate,1158,12,radio/TV,Unknown,good
846,25,female,2,own,,moderate,2762,12,furniture/equipment,Unknown,good
1162,68,male,3,own,little,little,14896,6,car,Unknown,bad
362,40,male,2,own,little,,1585,24,furniture/equipment,Unknown,good
1189,32,male,2,own,little,,1530,18,car,Unknown,good
652,24,male,1,own,little,little,1747,24,furniture/equipment,Unknown,good
600,26,male,2,rent,moderate,,3577,9,car,Unknown,good
452,50,male,3,free,little,little,7476,48,education,Unknown,bad
1373,36,male,2,own,little,moderate,3915,27,business,Unknown,bad
298,27,male,2,own,little,little,1053,15,radio/TV,Unknown,good
925,29,female,1,rent,quite rich,,1123,12,furniture/equipment,Unknown,good
738,32,male,2,own,little,little,1938,24,radio/TV,Unknown,good
1066,32,male,2,free,rich,moderate,1136,9,education,Unknown,good
1035,23,female,2,rent,little,little,2406,30,furniture/equipment,Unknown,bad
290,55,female,3,free,little,little,2578,12,furniture/equipment,Unknown,bad
1225,24,female,3,own,moderate,moderate,7408,60,car,Unknown,bad
553,38,male,2,own,,,2751,48,car,Unknown,bad
819,27,male,2,own,little,little,5998,40,education,Unknown,bad
1171,34,male,1,own,little,little,11998,30,repairs,Unknown,bad
1282,45,male,2,own,little,little,2303,24,car,Unknown,bad
1005,60,female,3,free,moderate,moderate,14782,60,vacation/others,Unknown,bad
554,41,male,3,own,,,6313,24,car,Unknown,bad
571,28,male,1,own,little,moderate,484,6,radio/TV,Unknown,good
1133,27,male,3,free,little,little,1422,9,car,Unknown,bad
1006,26,male,2,own,little,little,8229,36,car,Unknown,bad
1375,35,male,2,free,little,little,3386,12,car,Unknown,bad
615,28,male,2,own,little,,3595,36,radio/TV,Unknown,bad
1376,23,female,1,own,moderate,moderate,836,12,car,Unknown,good
529,23,female,1,rent,moderate,moderate,841,12,business,Unknown,good
850,27,female,2,own,little,little,3123,24,car,Unknown,bad
967,28,female,2,rent,moderate,moderate,2631,15,car,Unknown,good
359,27,female,2,own,moderate,,1237,6,radio/TV,Unknown,good
1097,23,female,2,rent,little,little,1216,18,car,Unknown,bad
323,29,male,2,own,little,moderate,2629,20,vacation/others,Unknown,good
59,39,male,1,own,,,9436,54,car,Unknown,bad
595,35,male,2,free,little,,1471,15,radio/TV,Unknown,bad
671,30,male,2,rent,little,,1740,6,radio/TV,Unknown,bad
644,28,male,2,own,rich,,2142,11,business,Unknown,good
24,30,male,2,own,moderate,moderate,5866,18,car,Unknown,bad
108,23,female,2,own,little,,2288,21,furniture/equipment,Unknown,good
1334,33,female,2,own,little,little,1131,18,furniture/equipment,Unknown,good
705,29,male,2,own,moderate,moderate,1437,9,car,Unknown,good
482,35,male,2,own,moderate,,2753,9,radio/TV,Unknown,good
635,40,male,2,rent,,,1386,15,radio/TV,Unknown,bad
310,21,male,2,rent,little,moderate,2779,18,car,Unknown,good
1062,30,female,3,own,little,moderate,5096,48,furniture/equipment,Unknown,bad
1158,57,male,2,free,little,moderate,2225,36,car,Unknown,bad
494,47,female,2,free,moderate,rich,1377,24,radio/TV,Unknown,good
938,23,male,1,own,little,moderate,1246,24,car,Unknown,good
820,23,female,2,rent,little,,7127,36,furniture/equipment,Unknown,bad
719,24,male,1,rent,little,little,1546,24,radio/TV,Unknown,bad
845,41,male,1,own,little,,719,12,education,Unknown,good
351,57,female,2,rent,rich,little,3622,30,furniture/equipment,Unknown,bad
909,33,male,3,rent,little,,4844,48,business,Unknown,bad
905,33,female,2,own,little,little,1131,18,furniture/equipment,Unknown,good
590,47,male,2,own,little,,3422,18,furniture/equipment,Unknown,good
1310,28,male,2,rent,little,little,6199,12,radio/TV,Unknown,bad
82,30,female,2,own,,little,7721,24,furniture/equipment,Unknown,bad
1314,26,female,2,own,quite rich,,1386,12,car,Unknown,good
1094,29,male,2,own,little,little,5179,36,furniture/equipment,Unknown,bad
1086,40,male,1,own,,little,1647,21,car,Unknown,good
197,32,male,2,own,,,2662,18,car,Unknown,good
414,27,male,1,own,little,,937,24,education,Unknown,good
112,28,male,2,own,little,little,5371,36,furniture/equipment,Unknown,bad
1198,51,male,2,free,,little,7511,18,car,Unknown,bad
1277,21,male,1,rent,little,little,1987,24,radio/TV,Unknown,bad
870,53,male,2,free,little,little,4870,24,car,Unknown,bad
1353,25,female,1,own,little,rich,2327,15,radio/TV,Unknown,good
1348,24,female,2,rent,little,little,2124,18,furniture/equipment,Unknown,bad
951,30,male,2,own,little,moderate,639,12,repairs,Unknown,good
662,46,female,2,rent,little,little,1845,15,furniture/equipment,Unknown,bad
176,35,female,1,own,quite rich,,3447,12,education,Unknown,good
238,49,male,2,rent,,,5801,12,furniture/equipment,Unknown,bad
498,25,female,2,own,little,moderate,1206,9,radio/TV,Unknown,good
893,24,female,2,own,little,little,3190,18,radio/TV,Unknown,good
694,23,male,1,rent,,little,1936,18,radio/TV,Unknown,bad
1240,55,female,0,free,little,little,1190,18,repairs,Unknown,good
1112,33,male,2,rent,little,little,2235,20,car,Unknown,bad
995,21,male,2,rent,moderate,moderate,3031,45,radio/TV,Unknown,bad
1142,55,male,2,own,little,little,6872,24,furniture/equipment,Unknown,bad
549,31,male,1,own,little,moderate,1410,12,education,Unknown,good
1187,50,female,2,free,moderate,moderate,2671,36,radio/TV,Unknown,bad
1390,23,male,2,rent,little,little,4110,24,furniture/equipment,Unknown,bad
919,22,male,2,own,little,little,2462,18,furniture/equipment,Unknown,good
807,42,male,2,free,little,moderate,6288,60,education,Unknown,bad
722,50,male,2,free,little,moderate,6224,48,education,Unknown,bad
232,32,male,2,own,little,,701,12,education,Unknown,good
1391,31,male,1,own,little,moderate,1928,18,furniture/equipment,Unknown,good
1209,42,male,2,free,little,moderate,6288,60,education,Unknown,bad
737,33,male,2,own,moderate,little,2359,24,furniture/equipment,Unknown,good
440,36,male,2,own,quite rich,,4042,42,furniture/equipment,Unknown,bad
670,30,male,2,free,moderate,moderate,3069,24,furniture/equipment,Unknown,good
679,22,male,2,own,moderate,moderate,1514,15,repairs,Unknown,good
1204,32,female,1,own,moderate,little,1282,24,radio/TV,Unknown,good
271,63,male,3,free,,,13756,60,car,Unknown,bad
372,20,male,2,rent,little,moderate,585,12,radio/TV,Unknown,good
1081,25,male,1,own,little,moderate,685,12,car,Unknown,good
57,66,male,3,free,little,little,1526,12,car,Unknown,bad
717,25,female,1,own,little,moderate,1355,24,car,Unknown,good
818,31,male,1,own,little,little,3108,30,furniture/equipment,Unknown,bad
621,34,male,2,own,,moderate,2825,24,business,Unknown,good
1293,31,male,2,own,moderate,,3621,24,radio/TV,Unknown,good
487,44,male,1,own,,little,4716,6,car,Unknown,bad
1030,21,male,2,rent,little,little,902,12,education,Unknown,bad
803,57,male,1,own,little,little,709,12,radio/TV,Unknown,good
746,41,male,1,own,quite rich,,2580,21,business,Unknown,good
87,35,male,2,own,quite rich,little,1680,12,radio/TV,Unknown,good
1191,30,female,3,own,little,moderate,5096,48,furniture/equipment,Unknown,bad
124,30,female,2,own,little,,1055,18,car,Unknown,good
1331,29,female,2,own,little,little,3499,12,car,Unknown,bad
317,25,male,2,own,little,little,2136,9,furniture/equipment,Unknown,good
439,41,male,2,own,little,rich,2116,6,furniture/equipment,Unknown,good
311,29,male,2,own,little,,2743,28,radio/TV,Unknown,bad
383,42,male,1,own,little,,1503,4,radio/TV,Unknown,good
1050,28,female,2,rent,moderate,moderate,2631,15,car,Unknown,good
1387,40,male,3,own,moderate,,4623,15,education,Unknown,bad
772,33,male,2,rent,little,little,950,15,car,Unknown,bad
1257,40,male,1,own,,little,1647,21,car,Unknown,good
366,49,male,2,own,moderate,rich,1126,9,radio/TV,Unknown,good
591,35,male,2,own,,moderate,3976,21,furniture/equipment,Unknown,good
129,20,female,2,own,rich,moderate,1577,11,furniture/equipment,Unknown,good
1079,24,female,1,own,little,little,626,12,radio/TV,Unknown,good
562,54,male,2,free,little,,1597,24,education,Unknown,bad
616,36,male,2,own,,,6742,30,radio/TV,Unknown,bad
650,58,male,2,own,,,1867,30,radio/TV,Unknown,bad
222,49,male,2,own,little,little,1038,10,car,Unknown,good
114,42,male,2,free,moderate,,1346,6,radio/TV,Unknown,good
536,40,male,1,own,little,moderate,1155,12,radio/TV,Unknown,good
1367,38,male,2,own,moderate,moderate,1216,24,radio/TV,Unknown,good
175,27,female,2,own,little,,1185,12,business,Unknown,good
430,29,female,2,own,rich,little,3357,21,radio/TV,Unknown,good
574,24,female,2,rent,little,,1554,6,radio/TV,Unknown,good
1231,34,male,3,own,moderate,moderate,6850,15,car,Unknown,bad
895,45,male,2,own,little,little,2303,24,car,Unknown,bad
927,34,male,1,own,little,rich,2864,18,furniture/equipment,Unknown,good
1174,41,male,1,own,quite rich,,2580,21,business,Unknown,good
32,44,male,1,own,little,moderate,6204,18,repairs,Unknown,bad
211,31,male,3,free,moderate,moderate,7582,48,vacation/others,Unknown,bad
1372,35,female,2,own,little,little,2439,24,radio/TV,Unknown,good
1176,34,male,1,free,moderate,moderate,3844,48,business,Unknown,bad
715,33,male,2,rent,little,little,2235,20,car,Unknown,bad
815,34,male,1,free,moderate,moderate,3844,48,business,Unknown,bad
848,32,male,1,free,little,little,1442,18,car,Unknown,bad
189,27,male,2,own,little,little,1657,12,furniture/equipment,Unknown,good
1092,26,male,3,own,little,,4463,36,radio/TV,Unknown,bad
378,44,male,2,free,little,,5507,24,repairs,Unknown,bad
352,30,female,2,own,rich,,960,15,furniture/equipment,Unknown,good
416,26,female,2,rent,little,,1388,9,furniture/equipment,Unknown,good
